需求编号,来源载体,原子行为描述,MoSCoW,分类,验收标准,约束依据,状态,需求来源,优先级,需求场景
REQ-001,PRJ-002,用户输入文本内容，系统自动识别主题并提取关键信息,Must have,功能需求,1. 支持纯文本输入\n2. 支持Markdown文本输入\n3. 自动识别主题\n4. 自动提取关键信息\n5. 识别准确率≥90%,范围初定义,业务方,高,文本输入转PPT
REQ-002,PRJ-002,系统根据识别的主题和关键信息，自动组织成PPT结构（封面、目录、章节、要点、总结）,Must have,功能需求,1. 自动生成封面\n2. 自动生成目录\n3. 自动生成章节\n4. 自动生成要点\n5. 自动生成总结\n6. 结构清晰、逻辑合理,范围初定义,业务方,高,内容结构化
REQ-003,PRJ-002,系统将文本内容转换为PPTX文件,Must have,功能需求,1. 生成完整的PPTX文件\n2. 支持导出\n3. 文件格式正确\n4. 文件大小合理（<10MB）,范围初定义,业务方,高,PPT生成
REQ-004,PRJ-002,系统提供培训课件模板,Should have,功能需求,1. 商务模板：简洁、专业、大气\n2. 包含封面、目录、章节、要点、总结\n3. 样式符合企业格式规范\n4. 字体：微软雅黑（标题）、宋体（正文）\5. 配色：蓝色系（主色）、灰色系（辅助色）\6. 版式：居中对齐、左右分栏\n7. 动画：基础动画（淡入、淡出、滑入）,范围初定义,业务方,中,单一模板库
REQ-005,PRJ-002,系统提供基础内容校验功能（格式检查、错别字检查）,Should have,功能需求,1. 格式检查：字体、颜色、版式、动画等格式规范检查\n2. 错别字检查：自动检查文本中的错别字、拼写错误\n3. 格式检查准确率≥90%\n4. 错别字检查准确率≥95%,范围初定义,业务方,中,基础校验
REQ-006,PRJ-002,系统提供版本管理功能（保存、回滚、对比、分享）,Should have,功能需求,1. 版本保存：保存当前版本，版本命名可自定义\n2. 版本对比：对比两个版本的差异，高亮显示\n3. 版本回滚：回滚到任意历史版本\n4. 版本分享：导出版本文件\n5. 支持至少5个版本,范围初定义,业务方,中,版本管理
REQ-007,PRJ-002,系统提供友好的用户界面（文本输入、生成、导出）,Should have,功能需求,1. 文本输入区域：支持文本输入、粘贴、清空\n2. 生成按钮：点击生成PPT\n3. 模板选择：选择模板\n4. 导出按钮：导出PPTX文件\n5. 支持快捷键操作\n6. 支持拖拽操作,范围初定义,业务方,中,基础UI
REQ-008,PRJ-002,系统支持多场景模板库（制度手册宣讲、会议汇报、产品介绍）,Could have,功能需求,1. 制度手册宣讲模板：简洁、正式、清晰\n2. 会议汇报模板：商务、专业、大气\n3. 产品介绍模板：活泼、创新、现代\n4. 每类模板包含封面、目录、章节、要点、总结等页面\n5. 样式符合企业格式规范,范围初定义,业务方,低,多场景模板库
REQ-009,PRJ-002,系统提供高级内容结构化功能（语义理解、逻辑重组、内容优化）,Could have,功能需求,1. 语义分析：理解文本语义，识别主题、情感、语气\n2. 实体识别：识别关键实体（人名、地名、组织名等）\n3. 关系抽取：识别实体间的关系\n4. 内容优化：语言润色、逻辑重组、重点突出\n5. 准确率≥85%,范围初定义,业务方,低,高级结构化
REQ-010,PRJ-002,系统提供高级内容校验功能（准确性、逻辑性、专业性检查）,Could have,功能需求,1. 准确性检查：检查内容是否准确、专业\n2. 逻辑性检查：检查内容逻辑是否通顺、合理\n3. 专业性检查：检查内容是否符合企业专业标准\n4. 准确性检查准确率≥85%\n5. 逻辑性检查准确率≥90%\n6. 专业性检查准确率≥85%,范围初定义,业务方,低,高级校验
REQ-011,PRJ-002,系统提供批量生成功能（批量输入、批量生成、批量导出）,Could have,功能需求,1. 批量输入：支持批量输入多个文本\n2. 批量生成：批量生成多个PPT\n3. 批量导出：批量导出多个PPT\n4. 批量版本管理：批量保存、对比、回滚、分享,范围初定义,业务方,低,批量生成
REQ-012,PRJ-002,系统提供配置管理功能（用户配置、团队配置、配置导入导出）,Could have,功能需求,1. 用户配置：用户自定义模板、样式、规则等配置\n2. 团队配置：团队共享配置，统一标准\n3. 配置导入导出：支持配置的导入导出\n4. 配置版本管理：配置的版本管理\n5. 配置分享：配置的分享,范围初定义,业务方,低,配置管理
REQ-013,PRJ-002,系统提供导出功能（PPTX、PDF格式）,Could have,功能需求,1. PPTX格式：支持自定义导出选项（如页面范围、质量、压缩等）\n2. PDF格式：支持自定义导出选项（如页面范围、质量、压缩等）\n3. 单个导出：导出单个PPT\n4. 批量导出：批量导出多个PPT,范围初定义,业务方,低,导出功能
REQ-014,PRJ-002,系统提供内容自查功能（准确性、逻辑性、专业性自查）,Could have,功能需求,1. 准确性自查：检查内容是否准确、专业\n2. 逻辑性自查：检查内容逻辑是否通顺、合理\n3. 专业性自查：检查内容是否符合企业专业标准\n4. 准确性自查准确率≥85%\n5. 逻辑性自查准确率≥90%\n6. 专业性自查准确率≥85%,范围初定义,业务方,低,内容自查