任务编号,任务名称,任务描述,模块,优先级,预估工时,依赖关系,状态
DEV-IT04-001,优化流程图生成算法,提升节点识别准确率和复杂分支支持,流程图生成,Must have,3天,无,进行中
DEV-IT04-002,实现复杂分支布局算法,支持异常分支和并行分支的布局计算,流程图生成,Must have,2天,DEV-IT04-001,待开始
DEV-IT04-003,新增产品介绍模板,创建产品介绍PPT模板,模板库,Must have,1天,无,待开始
DEV-IT04-004,新增会议汇报模板,创建会议汇报PPT模板,模板库,Must have,1天,无,待开始
DEV-IT04-005,优化GUI界面布局,改进界面交互和用户体验,GUI功能,Must have,2天,无,待开始
DEV-IT04-006,实现批量操作功能,支持批量生成和批量导出,GUI功能,Must have,2天,DEV-IT04-005,待开始
DEV-IT04-007,优化大文档处理性能,提升10MB以上文档处理速度,性能优化,Should have,2天,无,待开始
DEV-IT04-008,优化PPT生成速度,提升单页和批量生成速度,性能优化,Should have,1天,DEV-IT04-001,待开始
DEV-IT04-009,优化内存使用,减少内存占用和泄漏,性能优化,Should have,1天,无,待开始
DEV-IT04-010,实现节点样式自定义,支持流程图节点样式配置,流程图生成,Could have,1天,DEV-IT04-001,待开始
