项目编号,检查项,检查结果,检查依据,状态
PRJ-002,章程确认,已确认,项目章程已生成，用户确认通过,已完成
PRJ-002,干系人登记,已确认,干系人登记册已生成，用户确认通过，含权力-利益分析,已完成
PRJ-002,范围初定义,已确认,范围初定义说明书已生成，用户确认通过,已完成
PRJ-002,裁剪配置确认,已确认,阶段配置单和迭代配置单已生成，用户确认通过,已完成
PRJ-002,环境资产已注册,已注册且无冲突,环境资产注册结果已生成，云端API资源无冲突,已完成
PRJ-002,可行性通过,已通过,可行性评估报告已生成，五维评估全部通过,已完成
PRJ-002,预算里程碑明确,已明确,项目章程中已明确预算上限（0元）和关键里程碑（4周交付）,已完成
PRJ-002,需求入场条件识别,已识别,需求分析阶段已完成，需收集需求、分析需求、编写SRS,已完成
PRJ-002,需求规格说明书通过干系人评审,已通过,SRS已生成，用户确认通过,已完成
PRJ-002,技术架构设计文档通过架构评审,已通过,技术架构设计文档已生成，用户确认通过,已完成
PRJ-002,所有功能开发完成且代码走查通过,已通过,所有功能开发完成，代码走查通过,已完成
PRJ-002,所有功能测试通过且无阻塞性缺陷,已通过,所有功能测试通过，无阻塞性缺陷,已完成
PRJ-002,生产环境部署成功且用户手册完成,已通过,生产环境部署成功，用户手册已完成,已完成