需求编号,需求描述,来源载体,优先级,关联功能模块,关联接口,关联数据实体,关联测试用例,关联设计文档,变更记录,状态
REQ-001,用户输入文本内容，系统自动识别主题并提取关键信息,Must have,PRJ-002,文本输入接口,文本数据,TC-001-001,技术架构设计文档,无,待开发
REQ-002,系统根据识别的主题和关键信息，自动组织成PPT结构,Must have,PRJ-002,内容结构化接口,文本数据,TC-001-002,技术架构设计文档,无,待开发
REQ-003,系统将文本内容转换为PPTX文件,Must have,PRJ-002,PPT生成接口,文本数据,TC-001-003,技术架构设计文档,无,待开发
REQ-004,系统提供培训课件模板,Should have,PRJ-002,模板管理接口,模板数据,TC-001-004,技术架构设计文档,无,待开发
REQ-005,系统提供基础内容校验功能（格式检查、错别字检查）,Should have,PRJ-002,内容校验接口,文本数据,TC-001-005,技术架构设计文档,无,待开发
REQ-006,系统提供版本管理功能（保存、回滚、对比、分享）,Should have,PRJ-002,版本管理接口,版本数据,TC-001-006,技术架构设计文档,无,待开发
REQ-007,系统提供友好的用户界面（文本输入、生成、导出）,Should have,PRJ-002,用户界面接口,UI数据,TC-001-007,技术架构设计文档,无,待开发
REQ-008,系统支持多场景模板库,Could have,PRJ-002,模板管理接口,模板数据,TC-001-008,技术架构设计文档,无,待开发
REQ-009,系统提供高级内容结构化功能,Could have,PRJ-002,内容结构化接口,文本数据,TC-001-009,技术架构设计文档,无,待开发
REQ-010,系统提供高级内容校验功能,Could have,PRJ-002,内容校验接口,文本数据,TC-001-010,技术架构设计文档,无,待开发
REQ-011,系统提供批量生成功能,Could have,PRJ-002,批量生成接口,文本数据,TC-001-011,技术架构设计文档,无,待开发
REQ-012,系统提供配置管理功能,Could have,PRJ-002,配置管理接口,配置数据,TC-001-012,技术架构设计文档,无,待开发
REQ-013,系统提供导出功能（PPTX、PDF格式）,Could have,PRJ-002,导出接口,文本数据,TC-001-013,技术架构设计文档,无,待开发
REQ-014,系统提供内容自查功能,Could have,PRJ-002,内容自查接口,文本数据,TC-001-014,技术架构设计文档,无,待开发