项目编号,项目名称,阶段,阶段状态,阶段负责人,阶段开始日期,阶段结束日期,阶段交付物,状态
PRJ-002,企业培训PPT生成器,项目启动,已完成,段波,2026-08-14,2026-08-14,项目章程、干系人登记册、范围初定义、阶段配置单、迭代配置单、可行性评估报告、启动就绪检查单,已完成
PRJ-002,企业培训PPT生成器,需求分析,已完成,段波,2026-08-18,2026-08-20,需求规格说明书、用户故事清单,已完成
PRJ-002,企业培训PPT生成器,需求收集,已完成,段波,2026-08-18,2026-08-19,需求收集清单,已完成
PRJ-002,企业培训PPT生成器,需求分析,已完成,段波,2026-08-19,2026-08-20,需求分析报告,已完成
PRJ-002,企业培训PPT生成器,需求规格编写,已完成,段波,2026-08-20,2026-08-20,需求规格说明书（SRS）、用户故事清单,已完成
PRJ-002,企业培训PPT生成器,需求评审,已完成,段波,2026-08-20,2026-08-20,需求评审报告、需求追溯矩阵,已完成
PRJ-002,企业培训PPT生成器,架构设计,已完成,段波,2026-08-21,2026-08-22,技术架构设计文档、API设计,已完成
PRJ-002,企业培训PPT生成器,开发实现,已完成,段波,2026-08-23,2026-08-26,可运行的原型系统、功能模块,已完成
PRJ-002,企业培训PPT生成器,测试,已完成,段波,2026-08-27,2026-08-28,测试报告、用户手册,已完成
PRJ-002,企业培训PPT生成器,上线验收,已完成,段波,2026-08-28,2026-08-28,上线验收报告,已完成
PRJ-002,企业培训PPT生成器,项目总结,已完成,段波,2026-08-28,2026-08-28,项目总结报告,已完成
PRJ-002,企业培训PPT生成器,DevProjectTeamSkill启用,已完成,总控,2026-08-17,2026-08-17,最新 skill 已启用并与交接文档/台账对齐,已完成