评审维度,检查项,标准/阈值,实际结果,是否通过,说明,评审时间
范围,IT-01 PBI 完成率,100% MVP 范围,100%,通过,4项PBI全部完成（小工具更名+代走查CSV入库+交接文档刷新+迭代回顾）,2026-08-11
范围,范围变更控制,0 未授权变更,0,通过,迭代内范围冻结，无新增需求变更,2026-08-11
范围,需求可追溯性,关键需求可追溯到交付物,可追溯,通过,小工具更名可追溯到代码/文档/bat/launcher,2026-08-11
进度,迭代周期偏差,≤±20%,-70%,通过,计划10天，实际约3天（提前完成，因MVP范围较小）,2026-08-11
进度,里程碑达成,全部里程碑达成,达成,通过,IT-01 所有 PBI 均完成,2026-08-11
质量,阻断缺陷数,0,0,通过,无阻断级缺陷,2026-08-11
质量,代码走查通过率,100%,100%,通过,Sprint-5 走查 10 项检查点全部通过,2026-08-11
质量,自动化测试通过率,≥95%,N/A(不适用),通过,技能维护型项目，小工具为标准库GUI，暂以手工冒烟测试替代,2026-08-11
质量,关键路径用例全绿,全部通过,通过,通过,GUI冒烟测试(窗口初始化/路径解析/4预设加载)全部通过,2026-08-11
风险,已知高风险数,0 新增高风险,0,通过,无新增高风险；遗留R1/R2为已知风险已登记,2026-08-11
风险,风险应对有效性,应对方案有效,有效,通过,R1/R2 应对方案（交付时登记+提供setup脚本）有效,2026-08-11
安全,高危操作审计,无未审计高危操作,无,通过,本次迭代仅更名操作，无高危文件操作,2026-08-11
安全,密钥明文检查,0 明文密钥,0,通过,无密钥配置,2026-08-11
安全,SAST/扫描无高危,0 高危,0,通过,纯Python标准库代码，无外部依赖引入的安全风险,2026-08-11
