评审对象,基线版本,检查点,结果,说明,时间
离线小工具,Sprint-20260810-5,GUI主程序,通过,流程图_小工具.py Tkinter双标签页(①拆分②流程图),2026-08-10
离线小工具,Sprint-20260810-5,双击启动器,通过,启动_流程图工具.bat 实测启动GUI成功,2026-08-10
离线小工具,Sprint-20260810-5,ASCII启动器规避编码,通过,flowchart_tool_launcher.pyw 解决中文bat失效,2026-08-10
离线小工具,Sprint-20260810-5,文档拆分引擎集成,通过,tools/split_docx_by_level.py 调用正常,2026-08-10
离线小工具,Sprint-20260810-5,流程图引擎集成,通过,生成脚本/csv_to_flowchart.py 调用正常,2026-08-10
离线小工具,Sprint-20260810-5,连接线默认不绘制,通过,默认19形状 --connectors 57形状,2026-08-10
离线小工具,Sprint-20260810-5,GUI冒烟测试,通过,窗口初始化+路径解析+4预设加载,2026-08-10
离线小工具,Sprint-20260810-5,离线无依赖,通过,仅Python标准库 无第三方依赖,2026-08-10
门禁(阻断缺陷),Sprint-20260810-5,质量门禁,通过,0,2026-08-10
