需求编号,需求名称,用例编号,用例名称,覆盖状态,备注
REQ-IT04-001,流程图生成优化,TC-IT04-001,流程图生成-基本功能,已覆盖,核心功能
REQ-IT04-001,流程图生成优化,TC-IT04-003,流程图生成-连接线,已覆盖,连接线功能
REQ-IT04-002,复杂分支支持,TC-IT04-002,流程图生成-复杂分支,已覆盖,分支功能
REQ-IT04-003,产品介绍模板,TC-IT04-007,产品介绍模板-生成,已覆盖,模板功能
REQ-IT04-004,会议汇报模板,TC-IT04-008,会议汇报模板-生成,已覆盖,模板功能
REQ-IT04-005,GUI界面优化,TC-IT04-010,GUI界面-响应速度,已覆盖,性能测试
REQ-IT04-006,批量操作功能,TC-IT04-009,GUI界面-批量操作,已覆盖,批量功能
REQ-IT04-007,大文档处理性能,TC-IT04-005,流程图生成-性能测试,已覆盖,性能测试
REQ-IT04-008,PPT生成速度,TC-IT04-005,流程图生成-性能测试,已覆盖,性能测试
REQ-IT04-009,内存使用优化,TC-IT04-006,流程图生成-内存测试,已覆盖,性能测试
REQ-IT04-010,节点样式自定义,TC-IT04-004,流程图生成-维度参数,已覆盖,样式配置
